Method,Model size (MB),MSE,Inference time (s)
Baseline,64.9173469543457,0.014129076534545565,0.007879714250564576
Integer only Q,16.244888305664062,0.012933645016620362,0.007745272159576416
